transaction_id,timestamp,customer_id,amount,location,payment_method
T00001,2026-09-01T07:05:40,C036,380.67,Belfast,mobile_wallet
T00002,2026-09-01T07:18:16,C034,376.94,Belfast,mobile_wallet
T00003,2026-09-01T07:20:45,C020,300.28,Manchester,debit_card
T00004,2026-09-01T07:50:14,C011,82.38,Manchester,mobile_wallet
T00005,2026-09-01T07:55:12,C025,184.06,Leeds,mobile_wallet
T00006,2026-09-01T08:07:27,C030,287.53,Birmingham,debit_card
T00007,2026-09-01T08:31:41,C004,39.92,Manchester,debit_card
T00008,2026-09-01T08:50:12,C031,61.41,London,credit_card
T00009,2026-09-01T09:17:50,C014,69.97,Glasgow,mobile_wallet
T00010,2026-09-01T09:17:52,C022,336.74,Glasgow,debit_card
T00011,2026-09-01T10:01:13,C008,361.34,Birmingham,bank_transfer
T00012,2026-09-01T10:10:19,C014,69.21,Glasgow,mobile_wallet
T00013,2026-09-01T10:39:31,C023,419.27,London,debit_card
T00014,2026-09-01T11:12:50,C007,275.48,Glasgow,credit_card
T00015,2026-09-01T11:27:26,C002,127.75,Manchester,credit_card
T00016,2026-09-01T11:44:09,C004,37.55,Manchester,debit_card
T00017,2026-09-01T11:45:55,C023,520.56,London,debit_card
T00018,2026-09-01T12:08:56,C009,186.98,Birmingham,debit_card
T00019,2026-09-01T12:37:26,C012,550.67,Glasgow,credit_card
T00020,2026-09-01T12:38:08,C018,203.93,Bristol,debit_card
T00021,2026-09-01T12:41:23,C014,62.39,Glasgow,mobile_wallet
T00022,2026-09-01T12:44:42,C021,270.33,Cardiff,bank_transfer
T00023,2026-09-01T13:05:57,C028,180.71,Leeds,bank_transfer
T00024,2026-09-01T13:16:11,C032,112.29,Cardiff,bank_transfer
T00025,2026-09-01T13:17:01,C016,465.26,Glasgow,credit_card
T00026,2026-09-01T13:18:19,C027,678.76,Glasgow,debit_card
T00027,2026-09-01T13:24:24,C017,446.31,Manchester,bank_transfer
T00028,2026-09-01T13:42:20,C026,141.16,Belfast,bank_transfer
T00029,2026-09-01T13:42:45,C017,501.19,Manchester,bank_transfer
T00030,2026-09-01T14:01:59,C026,147.90,Belfast,bank_transfer
T00031,2026-09-01T14:12:16,C017,485.26,Manchester,bank_transfer
T00032,2026-09-01T14:13:02,C020,305.77,Manchester,debit_card
T00033,2026-09-01T14:42:47,C030,240.76,Birmingham,bank_transfer
T00034,2026-09-01T14:54:00,C010,481.14,Manchester,credit_card
T00035,2026-09-01T15:12:05,C018,181.37,Bristol,mobile_wallet
T00036,2026-09-01T15:16:44,C012,439.25,Glasgow,credit_card
T00037,2026-09-01T15:24:01,C009,261.87,Birmingham,debit_card
T00038,2026-09-01T15:31:32,C012,462.04,Birmingham,credit_card
T00039,2026-09-01T15:32:11,C017,408.00,Manchester,bank_transfer
T00040,2026-09-01T15:33:42,C004,32.72,Manchester,debit_card
T00041,2026-09-01T15:35:37,C030,298.13,Birmingham,bank_transfer
T00042,2026-09-01T15:43:10,C014,84.00,Glasgow,mobile_wallet
T00043,2026-09-01T15:59:54,C005,143.69,London,debit_card
T00044,2026-09-01T16:08:33,C034,470.36,Belfast,mobile_wallet
T00045,2026-09-01T16:11:06,C018,233.68,Bristol,debit_card
T00046,2026-09-01T17:03:12,C009,192.67,Birmingham,debit_card
T00047,2026-09-01T17:10:21,C030,224.00,Birmingham,bank_transfer
T00048,2026-09-01T17:25:23,C027,590.93,Manchester,debit_card
T00049,2026-09-01T17:32:04,C004,49.15,Manchester,debit_card
T00050,2026-09-01T17:40:34,C015,276.11,Bristol,credit_card
T00051,2026-09-01T18:05:52,C007,292.09,Manchester,debit_card
T00052,2026-09-01T18:12:29,C028,149.84,Leeds,mobile_wallet
T00053,2026-09-01T19:00:55,C001,326.98,London,mobile_wallet
T00054,2026-09-01T19:05:31,C001,359.02,Bristol,mobile_wallet
T00055,2026-09-01T19:30:48,C007,341.07,Glasgow,credit_card
T00056,2026-09-01T19:53:20,C006,351.57,Cardiff,debit_card
T00057,2026-09-01T20:23:33,C023,532.32,London,debit_card
T00058,2026-09-01T20:24:34,C029,512.72,Cardiff,bank_transfer
T00059,2026-09-01T20:34:27,C014,62.59,Glasgow,mobile_wallet
T00060,2026-09-01T21:26:16,C014,69.86,Glasgow,debit_card
T00061,2026-09-01T22:09:27,C006,460.57,Cardiff,debit_card
T00062,2026-09-01T22:13:21,C028,208.80,Leeds,mobile_wallet
T00063,2026-09-01T22:26:16,C013,360.75,Manchester,bank_transfer
T00064,2026-09-02T07:02:55,C007,289.29,Glasgow,credit_card
T00065,2026-09-02T07:16:13,C014,80.15,Glasgow,mobile_wallet
T00066,2026-09-02T07:34:00,C022,331.31,Glasgow,debit_card
T00067,2026-09-02T07:41:50,C020,501.72,Manchester,debit_card
T00068,2026-09-02T08:21:43,C010,628.60,Bristol,mobile_wallet
T00069,2026-09-02T08:24:17,C019,305.11,Leeds,mobile_wallet
T00070,2026-09-02T08:30:18,C034,258.00,Belfast,mobile_wallet
T00071,2026-09-02T08:35:21,C036,358.01,Glasgow,mobile_wallet
T00072,2026-09-02T08:38:26,C012,470.07,Bristol,credit_card
T00073,2026-09-02T08:56:53,C034,432.78,Birmingham,mobile_wallet
T00074,2026-09-02T09:17:52,C004,41.23,Manchester,debit_card
T00075,2026-09-02T09:56:54,C024,393.25,Bristol,bank_transfer
T00076,2026-09-02T09:59:43,C030,239.99,Birmingham,bank_transfer
T00077,2026-09-02T10:05:40,C011,81.84,Manchester,mobile_wallet
T00078,2026-09-02T10:11:41,C029,500.70,Cardiff,bank_transfer
T00079,2026-09-02T10:12:06,C002,189.11,Birmingham,credit_card
T00080,2026-09-02T11:48:52,C025,134.01,Leeds,mobile_wallet
T00081,2026-09-02T12:04:44,C027,434.68,Belfast,debit_card
T00082,2026-09-02T13:13:15,C019,189.68,Belfast,mobile_wallet
T00083,2026-09-02T13:28:38,C035,565.92,London,credit_card
T00084,2026-09-02T13:48:24,C030,2309.89,Birmingham,bank_transfer
T00085,2026-09-02T14:31:59,C014,62.95,Glasgow,mobile_wallet
T00086,2026-09-02T15:07:57,C029,388.21,Cardiff,mobile_wallet
T00087,2026-09-02T15:16:57,C029,353.61,Cardiff,bank_transfer
T00088,2026-09-02T15:18:55,C009,279.97,Birmingham,debit_card
T00089,2026-09-02T15:33:54,C008,532.74,Birmingham,bank_transfer
T00090,2026-09-02T15:41:30,C029,343.23,Cardiff,bank_transfer
T00091,2026-09-02T15:43:12,C037,107.43,Cardiff,mobile_wallet
T00092,2026-09-02T16:01:01,C010,685.88,Birmingham,credit_card
T00093,2026-09-02T16:26:32,C027,393.10,Belfast,debit_card
T00094,2026-09-02T16:46:49,C031,66.08,London,credit_card
T00095,2026-09-02T17:32:20,C037,88.95,Cardiff,debit_card
T00096,2026-09-02T17:32:41,C037,93.33,Cardiff,debit_card
T00097,2026-09-02T17:33:02,C037,65.94,Cardiff,debit_card
T00098,2026-09-02T17:35:55,C037,106.50,London,debit_card
T00099,2026-09-02T17:37:25,C037,110.03,Manchester,debit_card
T00100,2026-09-02T17:37:38,C037,85.00,Cardiff,debit_card
T00101,2026-09-02T17:37:57,C037,622.04,Cardiff,debit_card
T00102,2026-09-02T17:40:29,C013,513.76,Manchester,mobile_wallet
T00103,2026-09-02T18:08:24,C023,537.95,London,debit_card
T00104,2026-09-02T18:18:10,C011,61.35,Manchester,mobile_wallet
T00105,2026-09-02T18:29:23,C010,615.72,Bristol,credit_card
T00106,2026-09-02T18:47:23,C007,215.70,Glasgow,credit_card
T00107,2026-09-02T18:47:24,C012,639.00,Glasgow,credit_card
T00108,2026-09-02T18:56:35,C002,152.28,Birmingham,credit_card
T00109,2026-09-02T19:01:07,C031,64.08,London,credit_card
T00110,2026-09-02T19:11:56,C018,162.57,Bristol,credit_card
T00111,2026-09-02T19:14:52,C002,205.98,Birmingham,credit_card
T00112,2026-09-02T19:28:32,C036,433.33,Glasgow,mobile_wallet
T00113,2026-09-02T19:30:11,C015,328.10,Manchester,credit_card
T00114,2026-09-02T19:51:35,C003,383.54,Manchester,bank_transfer
T00115,2026-09-02T19:58:54,C035,511.62,London,credit_card
T00116,2026-09-02T20:03:03,C030,177.01,Birmingham,bank_transfer
T00117,2026-09-02T20:20:34,C021,244.23,Leeds,debit_card
T00118,2026-09-02T20:29:53,C032,89.86,Birmingham,bank_transfer
T00119,2026-09-02T20:39:43,C005,190.42,London,debit_card
T00120,2026-09-02T20:45:39,C028,171.28,Bristol,mobile_wallet
T00121,2026-09-02T20:48:51,C020,477.30,Manchester,debit_card
T00122,2026-09-02T20:54:40,C016,333.62,Glasgow,credit_card
T00123,2026-09-02T21:07:50,C017,525.56,Manchester,bank_transfer
T00124,2026-09-02T21:19:04,C012,411.99,Glasgow,mobile_wallet
T00125,2026-09-02T21:19:35,C013,375.05,Manchester,bank_transfer
T00126,2026-09-02T21:52:03,C020,322.44,Manchester,debit_card
T00127,2026-09-02T22:29:35,C028,214.18,Leeds,mobile_wallet
T00128,2026-09-02T22:49:41,C032,90.20,Glasgow,credit_card
T00129,2026-09-03T07:07:23,C036,317.44,Bristol,mobile_wallet
T00130,2026-09-03T07:17:06,C035,733.27,Birmingham,credit_card
T00131,2026-09-03T07:32:21,C035,747.32,London,credit_card
T00132,2026-09-03T08:33:02,C007,291.12,Manchester,credit_card
T00133,2026-09-03T08:40:59,C032,105.37,Birmingham,bank_transfer
T00134,2026-09-03T09:05:29,C015,428.40,Manchester,credit_card
T00135,2026-09-03T09:06:37,C008,408.90,Cardiff,credit_card
T00136,2026-09-03T09:13:05,C020,372.76,Manchester,debit_card
T00137,2026-09-03T09:49:26,C031,61.71,London,credit_card
T00138,2026-09-03T09:57:29,C029,537.25,Cardiff,bank_transfer
T00139,2026-09-03T10:04:52,C033,417.02,Cardiff,bank_transfer
T00140,2026-09-03T10:15:02,C001,479.29,London,credit_card
T00141,2026-09-03T10:37:35,C011,71.88,Belfast,mobile_wallet
T00142,2026-09-03T10:42:05,C032,101.37,Birmingham,bank_transfer
T00143,2026-09-03T11:04:54,C004,49.96,Manchester,debit_card
T00144,2026-09-03T11:05:15,C020,553.77,Manchester,mobile_wallet
T00145,2026-09-03T11:11:14,C033,289.60,Cardiff,bank_transfer
T00146,2026-09-03T11:15:46,C031,57.02,London,credit_card
T00147,2026-09-03T11:22:45,C021,231.17,Leeds,debit_card
T00148,2026-09-03T11:34:35,C006,423.21,Cardiff,debit_card
T00149,2026-09-03T11:37:03,C021,356.65,Leeds,debit_card
T00150,2026-09-03T11:45:41,C033,398.57,Cardiff,bank_transfer
T00151,2026-09-03T12:13:23,C002,194.48,Birmingham,credit_card
T00152,2026-09-03T12:26:09,C003,406.79,Manchester,bank_transfer
T00153,2026-09-03T12:38:51,C018,199.02,Cardiff,debit_card
T00154,2026-09-03T13:23:24,C015,410.74,Manchester,bank_transfer
T00155,2026-09-03T13:41:27,C029,566.44,Cardiff,bank_transfer
T00156,2026-09-03T13:46:20,C022,279.45,Glasgow,debit_card
T00157,2026-09-03T13:56:02,C014,67.61,Glasgow,mobile_wallet
T00158,2026-09-03T14:03:09,C018,167.40,Bristol,debit_card
T00159,2026-09-03T14:14:45,C022,225.48,Glasgow,debit_card
T00160,2026-09-03T14:26:01,C008,347.26,Birmingham,bank_transfer
T00161,2026-09-03T14:29:37,C008,558.87,Birmingham,bank_transfer
T00162,2026-09-03T14:32:07,C033,300.74,Cardiff,debit_card
T00163,2026-09-03T14:59:40,C008,549.62,Birmingham,bank_transfer
T00164,2026-09-03T15:00:27,C003,443.85,Manchester,bank_transfer
T00165,2026-09-03T15:07:03,C022,315.93,Glasgow,debit_card
T00166,2026-09-03T15:08:23,C022,320.91,Glasgow,mobile_wallet
T00167,2026-09-03T15:10:46,C020,494.48,Birmingham,debit_card
T00168,2026-09-03T15:27:53,C002,172.41,Birmingham,credit_card
T00169,2026-09-03T15:44:04,C027,598.69,Belfast,mobile_wallet
T00170,2026-09-03T15:47:30,C024,433.97,Bristol,bank_transfer
T00171,2026-09-03T15:58:04,C013,561.93,Manchester,bank_transfer
T00172,2026-09-03T16:06:38,C008,515.25,Birmingham,bank_transfer
T00173,2026-09-03T16:13:54,C001,302.83,London,mobile_wallet
T00174,2026-09-03T16:49:59,C003,355.99,Manchester,bank_transfer
T00175,2026-09-03T16:53:08,C035,434.27,London,credit_card
T00176,2026-09-03T16:56:40,C027,664.94,Belfast,debit_card
T00177,2026-09-03T17:02:50,C010,569.78,Bristol,credit_card
T00178,2026-09-03T17:05:08,C023,415.58,London,debit_card
T00179,2026-09-03T17:05:33,C001,367.98,London,mobile_wallet
T00180,2026-09-03T17:27:50,C011,68.54,Manchester,mobile_wallet
T00181,2026-09-03T17:41:47,C011,71.21,Manchester,mobile_wallet
T00182,2026-09-03T18:01:00,C035,701.74,London,bank_transfer
T00183,2026-09-03T18:49:08,C012,637.20,Glasgow,credit_card
T00184,2026-09-03T18:56:04,C026,151.66,Belfast,bank_transfer
T00185,2026-09-03T19:01:21,C007,301.67,Glasgow,credit_card
T00186,2026-09-03T19:05:13,C006,485.38,Cardiff,debit_card
T00187,2026-09-03T19:10:42,C021,374.00,Leeds,debit_card
T00188,2026-09-03T19:11:50,C021,278.95,Leeds,debit_card
T00189,2026-09-03T19:12:32,C021,249.53,Leeds,debit_card
T00190,2026-09-03T19:14:51,C021,312.21,Leeds,debit_card
T00191,2026-09-03T19:15:19,C021,360.17,Leeds,debit_card
T00192,2026-09-03T20:11:26,C006,497.61,Cardiff,debit_card
T00193,2026-09-03T20:21:56,C025,213.31,Bristol,debit_card
T00194,2026-09-03T21:02:19,C027,684.39,Belfast,debit_card
T00195,2026-09-03T21:07:04,C033,308.69,Cardiff,bank_transfer
T00196,2026-09-03T21:09:55,C019,229.31,Leeds,mobile_wallet
T00197,2026-09-03T21:28:14,C026,108.64,Bristol,bank_transfer
T00198,2026-09-03T21:30:16,C026,136.15,Belfast,credit_card
T00199,2026-09-03T21:34:27,C010,557.45,Bristol,credit_card
T00200,2026-09-03T21:35:23,C010,488.84,Belfast,credit_card
T00201,2026-09-03T21:36:05,C010,698.03,Bristol,credit_card
T00202,2026-09-03T21:36:06,C010,589.19,Bristol,credit_card
T00203,2026-09-03T21:36:35,C010,662.69,Bristol,credit_card
T00204,2026-09-03T21:38:08,C026,112.11,Belfast,bank_transfer
T00205,2026-09-03T21:39:02,C010,568.75,Bristol,debit_card
T00206,2026-09-03T21:41:49,C010,533.42,Glasgow,bank_transfer
T00207,2026-09-03T21:50:25,C034,391.89,Belfast,mobile_wallet
T00208,2026-09-03T22:00:46,C012,612.98,Glasgow,credit_card
T00209,2026-09-03T22:07:58,C037,81.57,Cardiff,debit_card
T00210,2026-09-03T22:59:47,C017,3901.26,Glasgow,bank_transfer
T00211,2026-09-04T07:16:45,C010,584.14,Bristol,credit_card
T00212,2026-09-04T07:27:20,C012,565.21,Glasgow,mobile_wallet
T00213,2026-09-04T07:40:23,C021,372.55,Leeds,debit_card
T00214,2026-09-04T07:47:43,C019,187.61,Leeds,mobile_wallet
T00215,2026-09-04T07:55:52,C025,161.19,Leeds,mobile_wallet
T00216,2026-09-04T08:08:36,C020,502.36,Manchester,credit_card
T00217,2026-09-04T08:19:42,C024,468.66,Bristol,bank_transfer
T00218,2026-09-04T08:24:02,C035,657.66,London,credit_card
T00219,2026-09-04T08:45:28,C015,266.58,Manchester,credit_card
T00220,2026-09-04T08:52:03,C006,531.52,Cardiff,debit_card
T00221,2026-09-04T08:52:49,C036,429.04,Glasgow,mobile_wallet
T00222,2026-09-04T09:04:36,C007,354.78,Glasgow,credit_card
T00223,2026-09-04T09:39:00,C011,67.53,Manchester,mobile_wallet
T00224,2026-09-04T09:39:23,C036,365.83,Glasgow,mobile_wallet
T00225,2026-09-04T09:45:24,C027,514.26,Belfast,debit_card
T00226,2026-09-04T10:42:50,C025,166.42,Leeds,mobile_wallet
T00227,2026-09-04T11:23:12,C032,125.23,Birmingham,bank_transfer
T00228,2026-09-04T11:30:47,C025,135.59,Leeds,mobile_wallet
T00229,2026-09-04T11:37:56,C030,260.76,Birmingham,bank_transfer
T00230,2026-09-04T11:59:53,C022,307.96,Glasgow,debit_card
T00231,2026-09-04T12:06:09,C037,71.61,Cardiff,debit_card
T00232,2026-09-04T12:14:10,C011,91.45,Manchester,mobile_wallet
T00233,2026-09-04T12:16:13,C016,454.26,Glasgow,credit_card
T00234,2026-09-04T12:24:47,C007,260.41,Glasgow,mobile_wallet
T00235,2026-09-04T13:12:08,C006,427.30,Cardiff,debit_card
T00236,2026-09-04T13:17:34,C001,299.03,London,mobile_wallet
T00237,2026-09-04T13:21:55,C001,465.11,London,mobile_wallet
T00238,2026-09-04T13:47:38,C034,303.91,Belfast,mobile_wallet
T00239,2026-09-04T13:51:58,C034,276.44,Belfast,mobile_wallet
T00240,2026-09-04T14:13:15,C004,42.52,Leeds,debit_card
T00241,2026-09-04T14:25:55,C032,96.83,Birmingham,bank_transfer
T00242,2026-09-04T14:34:08,C003,370.63,Manchester,bank_transfer
T00243,2026-09-04T15:05:43,C013,408.81,Bristol,bank_transfer
T00244,2026-09-04T15:15:29,C013,453.23,Manchester,bank_transfer
T00245,2026-09-04T15:15:30,C015,294.21,Manchester,credit_card
T00246,2026-09-04T15:21:20,C034,273.27,Belfast,debit_card
T00247,2026-09-04T15:27:45,C005,158.49,London,debit_card
T00248,2026-09-04T15:50:27,C003,343.04,Manchester,bank_transfer
T00249,2026-09-04T16:12:04,C025,125.14,Leeds,mobile_wallet
T00250,2026-09-04T16:15:24,C018,197.10,Bristol,debit_card
T00251,2026-09-04T16:22:49,C029,427.57,Cardiff,bank_transfer
T00252,2026-09-04T16:32:25,C018,203.80,Bristol,debit_card
T00253,2026-09-04T16:35:33,C016,446.75,Glasgow,credit_card
T00254,2026-09-04T17:19:34,C022,265.00,Glasgow,debit_card
T00255,2026-09-04T18:03:05,C016,442.74,Glasgow,credit_card
T00256,2026-09-04T18:06:55,C019,197.74,Leeds,mobile_wallet
T00257,2026-09-04T18:30:01,C021,424.95,Leeds,debit_card
T00258,2026-09-04T18:49:47,C010,617.72,Bristol,credit_card
T00259,2026-09-04T19:00:06,C034,460.80,Belfast,mobile_wallet
T00260,2026-09-04T19:02:33,C005,140.74,London,debit_card
T00261,2026-09-04T19:15:04,C037,99.73,Cardiff,debit_card
T00262,2026-09-04T19:15:49,C032,79.41,Birmingham,bank_transfer
T00263,2026-09-04T19:22:51,C023,310.51,London,debit_card
T00264,2026-09-04T19:23:58,C017,596.56,Bristol,mobile_wallet
T00265,2026-09-04T19:35:55,C022,370.00,Glasgow,mobile_wallet
T00266,2026-09-04T19:40:51,C027,528.85,Belfast,debit_card
T00267,2026-09-04T19:44:00,C004,48.76,Manchester,debit_card
T00268,2026-09-04T19:45:36,C027,391.89,Belfast,debit_card
T00269,2026-09-04T19:46:30,C027,473.49,Belfast,debit_card
T00270,2026-09-04T19:46:59,C027,667.27,Belfast,debit_card
T00271,2026-09-04T19:47:06,C027,535.62,Belfast,debit_card
T00272,2026-09-04T19:47:33,C027,394.92,Belfast,debit_card
T00273,2026-09-04T20:10:59,C003,456.82,Manchester,bank_transfer
T00274,2026-09-04T20:22:18,C008,487.17,Birmingham,bank_transfer
T00275,2026-09-04T20:31:53,C022,265.30,Glasgow,mobile_wallet
T00276,2026-09-04T20:34:45,C006,443.37,Cardiff,debit_card
T00277,2026-09-04T21:11:03,C036,363.51,Glasgow,debit_card
T00278,2026-09-04T21:14:52,C036,395.73,Glasgow,mobile_wallet
T00279,2026-09-04T21:58:17,C012,438.55,Glasgow,credit_card
T00280,2026-09-04T22:22:24,C017,473.31,Manchester,bank_transfer
T00281,2026-09-04T22:49:51,C030,283.95,Cardiff,bank_transfer
T00282,2026-09-05T07:00:37,C001,4257.77,London,mobile_wallet
T00283,2026-09-05T07:12:29,C029,475.69,Cardiff,bank_transfer
T00284,2026-09-05T07:29:23,C037,93.93,Belfast,debit_card
T00285,2026-09-05T07:54:21,C016,320.58,Glasgow,credit_card
T00286,2026-09-05T07:59:50,C016,378.17,Glasgow,credit_card
T00287,2026-09-05T08:20:33,C023,394.41,London,debit_card
T00288,2026-09-05T08:26:01,C033,3002.12,Cardiff,bank_transfer
T00289,2026-09-05T08:59:06,C014,60.27,Glasgow,mobile_wallet
T00290,2026-09-05T09:06:18,C001,415.78,London,mobile_wallet
T00291,2026-09-05T09:23:06,C009,178.69,Belfast,bank_transfer
T00292,2026-09-05T09:32:40,C026,152.46,Belfast,bank_transfer
T00293,2026-09-05T09:46:58,C017,422.34,Manchester,bank_transfer
T00294,2026-09-05T09:52:30,C028,122.08,Leeds,bank_transfer
T00295,2026-09-05T10:00:21,C007,2630.47,Glasgow,bank_transfer
T00296,2026-09-05T10:28:41,C005,160.13,London,debit_card
T00297,2026-09-05T10:32:22,C002,199.58,Birmingham,credit_card
T00298,2026-09-05T10:38:14,C037,65.08,Cardiff,debit_card
T00299,2026-09-05T10:57:18,C031,70.06,London,credit_card
T00300,2026-09-05T11:06:29,C028,126.83,Leeds,mobile_wallet
T00301,2026-09-05T11:21:14,C019,227.51,Leeds,mobile_wallet
T00302,2026-09-05T11:24:15,C020,460.87,Manchester,debit_card
T00303,2026-09-05T11:32:11,C002,158.59,Manchester,credit_card
T00304,2026-09-05T11:33:46,C013,572.90,Manchester,bank_transfer
T00305,2026-09-05T11:49:04,C024,538.80,Bristol,bank_transfer
T00306,2026-09-05T11:59:46,C024,536.89,Bristol,bank_transfer
T00307,2026-09-05T12:10:15,C024,450.76,Bristol,bank_transfer
T00308,2026-09-05T12:11:55,C023,345.65,London,debit_card
T00309,2026-09-05T12:19:05,C006,559.17,Cardiff,debit_card
T00310,2026-09-05T12:20:52,C022,343.83,Glasgow,debit_card
T00311,2026-09-05T12:41:16,C015,454.59,Manchester,credit_card
T00312,2026-09-05T13:33:52,C021,363.09,Leeds,debit_card
T00313,2026-09-05T13:39:31,C012,617.67,Glasgow,credit_card
T00314,2026-09-05T13:51:35,C027,585.01,Belfast,debit_card
T00315,2026-09-05T13:55:04,C010,635.36,Belfast,credit_card
T00316,2026-09-05T14:18:25,C026,117.44,Belfast,bank_transfer
T00317,2026-09-05T14:25:46,C013,531.99,Glasgow,bank_transfer
T00318,2026-09-05T14:43:15,C031,80.30,London,credit_card
T00319,2026-09-05T14:56:06,C008,398.87,Birmingham,bank_transfer
T00320,2026-09-05T15:07:58,C030,269.61,Birmingham,bank_transfer
T00321,2026-09-05T15:24:36,C009,237.91,Birmingham,debit_card
T00322,2026-09-05T15:29:53,C025,175.11,Leeds,mobile_wallet
T00323,2026-09-05T15:34:16,C029,430.38,Cardiff,bank_transfer
T00324,2026-09-05T15:35:07,C027,533.70,Belfast,debit_card
T00325,2026-09-05T15:43:27,C037,63.05,Cardiff,debit_card
T00326,2026-09-05T16:41:27,C026,143.95,Belfast,bank_transfer
T00327,2026-09-05T16:43:24,C004,29.85,Manchester,debit_card
T00328,2026-09-05T16:52:11,C023,469.51,London,debit_card
T00329,2026-09-05T17:03:30,C039,76.42,Birmingham,credit_card
T00330,2026-09-05T17:05:16,C021,331.25,Leeds,credit_card
T00331,2026-09-05T17:10:16,C016,452.85,Glasgow,credit_card
T00332,2026-09-05T17:13:28,C025,202.70,Leeds,mobile_wallet
T00333,2026-09-05T17:37:55,C033,259.70,Cardiff,bank_transfer
T00334,2026-09-05T17:46:15,C032,93.99,Birmingham,bank_transfer
T00335,2026-09-05T18:38:49,C024,594.70,Bristol,bank_transfer
T00336,2026-09-05T18:40:07,C024,506.62,Bristol,debit_card
T00337,2026-09-05T18:41:01,C033,296.55,London,bank_transfer
T00338,2026-09-05T18:44:19,C013,492.63,Manchester,bank_transfer
T00339,2026-09-05T18:50:28,C005,124.84,London,debit_card
T00340,2026-09-05T18:51:58,C018,225.70,Bristol,debit_card
T00341,2026-09-05T19:01:37,C035,473.25,London,credit_card
T00342,2026-09-05T19:02:11,C007,329.57,Glasgow,credit_card
T00343,2026-09-05T19:19:03,C027,465.24,Belfast,bank_transfer
T00344,2026-09-05T19:23:10,C026,124.38,Belfast,bank_transfer
T00345,2026-09-05T19:50:29,C009,245.59,Birmingham,debit_card
T00346,2026-09-05T19:50:46,C038,304.13,Glasgow,credit_card
T00347,2026-09-05T20:07:07,C024,398.67,Bristol,bank_transfer
T00348,2026-09-05T20:07:39,C025,208.26,Leeds,mobile_wallet
T00349,2026-09-05T20:27:32,C026,114.30,Belfast,bank_transfer
T00350,2026-09-05T20:35:09,C009,272.36,Birmingham,mobile_wallet
T00351,2026-09-05T20:44:57,C028,154.02,Bristol,mobile_wallet
T00352,2026-09-05T20:46:40,C028,175.46,Leeds,mobile_wallet
T00353,2026-09-05T20:50:51,C028,156.76,Leeds,mobile_wallet
T00354,2026-09-05T20:51:03,C028,144.48,Leeds,mobile_wallet
T00355,2026-09-05T20:51:11,C028,145.39,Bristol,mobile_wallet
T00356,2026-09-05T21:03:49,C031,64.83,London,credit_card
T00357,2026-09-05T21:06:04,C026,154.42,Belfast,bank_transfer
T00358,2026-09-05T21:16:48,C036,313.97,Glasgow,mobile_wallet
T00359,2026-09-05T21:23:41,C007,266.43,Glasgow,credit_card
T00360,2026-09-05T21:24:52,C018,177.17,Bristol,debit_card
T00361,2026-09-05T21:39:51,C005,187.51,London,credit_card
T00362,2026-09-05T22:12:10,C019,235.79,Leeds,mobile_wallet
T00363,2026-09-05T22:37:07,C034,428.00,London,mobile_wallet
T00364,2026-09-05T22:48:19,C024,386.10,Bristol,bank_transfer
T00365,2026-09-05T22:53:51,C018,198.25,Bristol,debit_card
T00366,2026-09-06T07:33:04,C024,471.79,Bristol,bank_transfer
T00367,2026-09-06T07:56:05,C026,150.00,Belfast,bank_transfer
T00368,2026-09-06T08:52:16,C039,662.53,Birmingham,credit_card
T00369,2026-09-06T09:09:07,C029,381.55,Cardiff,bank_transfer
T00370,2026-09-06T09:32:51,C035,542.58,London,credit_card
T00371,2026-09-06T09:48:21,C037,71.59,Cardiff,debit_card
T00372,2026-09-06T09:48:46,C013,466.47,Manchester,bank_transfer
T00373,2026-09-06T10:11:14,C021,297.85,Leeds,debit_card
T00374,2026-09-06T11:12:47,C033,286.33,Cardiff,bank_transfer
T00375,2026-09-06T11:23:03,C011,68.59,Manchester,mobile_wallet
T00376,2026-09-06T11:25:15,C005,172.66,London,debit_card
T00377,2026-09-06T11:37:24,C011,61.94,Manchester,mobile_wallet
T00378,2026-09-06T11:52:07,C015,388.47,Manchester,credit_card
T00379,2026-09-06T12:02:53,C003,349.93,Manchester,bank_transfer
T00380,2026-09-06T13:17:46,C035,435.70,London,credit_card
T00381,2026-09-06T14:02:13,C018,137.13,Bristol,debit_card
T00382,2026-09-06T14:37:55,C031,52.32,London,credit_card
T00383,2026-09-06T14:43:40,C022,340.17,Glasgow,debit_card
T00384,2026-09-06T14:50:23,C016,284.34,Glasgow,credit_card
T00385,2026-09-06T14:56:17,C001,333.34,London,debit_card
T00386,2026-09-06T15:04:29,C014,50.25,Glasgow,mobile_wallet
T00387,2026-09-06T15:32:48,C033,277.79,Cardiff,bank_transfer
T00388,2026-09-06T15:34:00,C025,211.35,Leeds,mobile_wallet
T00389,2026-09-06T15:35:59,C028,164.60,Leeds,mobile_wallet
T00390,2026-09-06T15:44:55,C019,199.50,Leeds,mobile_wallet
T00391,2026-09-06T15:46:40,C015,293.70,Manchester,credit_card
T00392,2026-09-06T15:54:49,C009,227.77,Birmingham,debit_card
T00393,2026-09-06T16:01:32,C036,352.23,Glasgow,mobile_wallet
T00394,2026-09-06T16:11:21,C003,440.37,Manchester,bank_transfer
T00395,2026-09-06T16:40:08,C002,191.34,Bristol,bank_transfer
T00396,2026-09-06T16:45:18,C006,387.12,Birmingham,debit_card
T00397,2026-09-06T16:56:31,C003,421.94,Manchester,bank_transfer
T00398,2026-09-06T17:19:04,C034,453.64,Belfast,mobile_wallet
T00399,2026-09-06T17:49:14,C036,496.03,Glasgow,mobile_wallet
T00400,2026-09-06T17:52:14,C013,366.68,London,bank_transfer
T00401,2026-09-06T18:00:10,C032,135.66,Birmingham,bank_transfer
T00402,2026-09-06T18:05:03,C009,167.98,Birmingham,debit_card
T00403,2026-09-06T18:05:03,C020,439.56,Manchester,debit_card
T00404,2026-09-06T18:31:17,C037,74.10,Cardiff,debit_card
T00405,2026-09-06T18:31:20,C002,141.02,Birmingham,credit_card
T00406,2026-09-06T18:31:35,C015,263.22,Manchester,credit_card
T00407,2026-09-06T18:36:20,C022,211.59,Glasgow,debit_card
T00408,2026-09-06T18:40:54,C033,363.42,Cardiff,bank_transfer
T00409,2026-09-06T19:28:02,C033,365.76,Cardiff,bank_transfer
T00410,2026-09-06T19:29:47,C007,208.85,Glasgow,credit_card
T00411,2026-09-06T19:44:49,C023,331.37,London,debit_card
T00412,2026-09-06T20:04:38,C004,40.88,Manchester,debit_card
T00413,2026-09-06T20:05:11,C023,391.59,London,debit_card
T00414,2026-09-06T20:11:02,C012,427.33,Glasgow,credit_card
T00415,2026-09-06T20:37:09,C002,204.85,Glasgow,credit_card
T00416,2026-09-06T21:00:52,C029,503.87,Cardiff,bank_transfer
T00417,2026-09-06T21:15:29,C014,70.24,Glasgow,mobile_wallet
T00418,2026-09-06T21:37:48,C027,603.78,Belfast,debit_card
T00419,2026-09-06T21:47:14,C037,108.51,Cardiff,debit_card
T00420,2026-09-06T22:05:10,C005,197.78,London,debit_card
T00421,2026-09-06T22:13:05,C008,347.29,Birmingham,bank_transfer
T00422,2026-09-06T22:15:41,C012,593.64,Glasgow,credit_card
T00423,2026-09-06T22:40:58,C003,510.79,Manchester,bank_transfer
T00424,2026-09-06T22:55:14,C031,80.70,London,credit_card
T00425,2026-09-07T07:03:47,C031,93.62,London,bank_transfer
T00426,2026-09-07T07:18:50,C006,432.89,Cardiff,debit_card
T00427,2026-09-07T07:33:53,C004,41.93,Leeds,debit_card
T00428,2026-09-07T07:40:44,C028,198.50,Birmingham,mobile_wallet
T00429,2026-09-07T07:42:17,C001,298.96,London,mobile_wallet
T00430,2026-09-07T07:53:10,C031,80.23,London,credit_card
T00431,2026-09-07T08:00:46,C030,231.39,Birmingham,bank_transfer
T00432,2026-09-07T08:20:53,C023,322.64,London,bank_transfer
T00433,2026-09-07T08:37:42,C028,127.70,Leeds,mobile_wallet
T00434,2026-09-07T08:38:37,C017,628.87,Manchester,bank_transfer
T00435,2026-09-07T08:49:37,C010,606.31,Bristol,credit_card
T00436,2026-09-07T09:22:53,C038,186.54,Glasgow,credit_card
T00437,2026-09-07T09:41:19,C017,614.85,Manchester,bank_transfer
T00438,2026-09-07T10:03:38,C017,429.87,Manchester,bank_transfer
T00439,2026-09-07T10:26:03,C010,724.57,Leeds,credit_card
T00440,2026-09-07T10:31:55,C019,230.34,Leeds,bank_transfer
T00441,2026-09-07T10:38:07,C019,300.37,Leeds,mobile_wallet
T00442,2026-09-07T11:22:29,C006,432.31,Cardiff,debit_card
T00443,2026-09-07T11:28:08,C005,133.41,London,debit_card
T00444,2026-09-07T11:30:17,C030,274.88,Birmingham,bank_transfer
T00445,2026-09-07T11:31:08,C037,63.61,Cardiff,debit_card
T00446,2026-09-07T11:42:11,C005,128.18,London,mobile_wallet
T00447,2026-09-07T12:04:52,C001,476.32,London,mobile_wallet
T00448,2026-09-07T12:16:10,C028,219.12,Leeds,mobile_wallet
T00449,2026-09-07T12:41:56,C016,505.50,Glasgow,credit_card
T00450,2026-09-07T12:59:56,C036,385.46,Glasgow,mobile_wallet
T00451,2026-09-07T13:03:11,C021,346.01,Leeds,debit_card
T00452,2026-09-07T13:54:06,C004,34.44,Manchester,bank_transfer
T00453,2026-09-07T13:56:24,C010,646.01,Bristol,credit_card
T00454,2026-09-07T14:05:03,C035,606.56,London,credit_card
T00455,2026-09-07T14:28:40,C010,483.23,Bristol,credit_card
T00456,2026-09-07T14:33:13,C009,252.90,Birmingham,debit_card
T00457,2026-09-07T14:38:48,C005,140.18,London,debit_card
T00458,2026-09-07T15:25:44,C032,122.18,Cardiff,debit_card
T00459,2026-09-07T16:04:29,C009,199.32,Birmingham,debit_card
T00460,2026-09-07T16:23:30,C020,325.23,Manchester,debit_card
T00461,2026-09-07T16:41:51,C012,3757.85,Glasgow,credit_card
T00462,2026-09-07T16:45:41,C001,432.97,London,mobile_wallet
T00463,2026-09-07T16:48:16,C028,143.83,Leeds,mobile_wallet
T00464,2026-09-07T16:53:20,C035,593.35,London,credit_card
T00465,2026-09-07T16:55:55,C035,734.31,London,mobile_wallet
T00466,2026-09-07T16:58:34,C035,448.65,London,credit_card
T00467,2026-09-07T16:58:55,C035,503.56,London,credit_card
T00468,2026-09-07T16:59:21,C035,479.50,London,credit_card
T00469,2026-09-07T17:00:14,C035,5507.20,London,credit_card
T00470,2026-09-07T17:12:43,C015,420.28,London,credit_card
T00471,2026-09-07T17:19:57,C016,457.19,Glasgow,debit_card
T00472,2026-09-07T17:37:58,C003,385.13,London,bank_transfer
T00473,2026-09-07T17:50:58,C013,516.21,Manchester,debit_card
T00474,2026-09-07T18:12:09,C025,222.13,Leeds,debit_card
T00475,2026-09-07T18:15:03,C019,257.51,Leeds,mobile_wallet
T00476,2026-09-07T18:15:09,C016,361.11,Glasgow,credit_card
T00477,2026-09-07T18:25:53,C017,416.11,Manchester,bank_transfer
T00478,2026-09-07T18:29:05,C018,191.87,Bristol,debit_card
T00479,2026-09-07T18:32:23,C035,541.23,London,credit_card
T00480,2026-09-07T18:40:42,C030,267.07,Cardiff,bank_transfer
T00481,2026-09-07T18:46:35,C021,280.99,Leeds,debit_card
T00482,2026-09-07T18:56:14,C021,385.37,Leeds,debit_card
T00483,2026-09-07T18:58:57,C011,52.63,Manchester,mobile_wallet
T00484,2026-09-07T19:06:43,C015,335.87,Cardiff,credit_card
T00485,2026-09-07T19:09:52,C033,272.46,Cardiff,bank_transfer
T00486,2026-09-07T19:14:18,C008,327.80,Birmingham,bank_transfer
T00487,2026-09-07T19:24:50,C023,541.51,Bristol,debit_card
T00488,2026-09-07T19:35:31,C037,106.22,Cardiff,debit_card
T00489,2026-09-07T19:36:46,C019,187.14,Leeds,mobile_wallet
T00490,2026-09-07T20:30:30,C016,299.92,Glasgow,credit_card
T00491,2026-09-07T20:33:22,C011,89.96,Belfast,mobile_wallet
T00492,2026-09-07T20:50:40,C008,583.01,Birmingham,bank_transfer
T00493,2026-09-07T20:51:58,C032,80.80,Birmingham,bank_transfer
T00494,2026-09-07T21:29:28,C002,163.12,Birmingham,credit_card
T00495,2026-09-07T21:32:34,C011,91.63,Manchester,mobile_wallet
T00496,2026-09-07T21:38:51,C027,634.96,Belfast,debit_card
T00497,2026-09-07T21:45:34,C040,642.69,Birmingham,debit_card
T00498,2026-09-07T22:26:05,C034,321.74,Belfast,credit_card
T00499,2026-09-07T22:40:07,C039,56.32,Birmingham,credit_card
T00500,2026-09-07T22:43:28,C024,515.60,Bristol,bank_transfer
